node,median,q1,q3,min,max,mean
ai_node_0,0.0,0.0,0.0,0.0,0.0,0.0
ai_node_1,0.00017706094920765225,8.853047460382612e-05,0.00042253181060917014,8.048224963984193e-06,0.0017987782794504671,0.0003220360399513887
ai_node_2,0.00026156731132948626,0.0001287715994237471,0.0005110622852129963,0.0,0.002776637612574547,0.00037716235684219843
ai_node_3,4.426523730191306e-05,2.0120562409960485e-05,0.0001126751494957787,0.0,0.0014446563810351627,0.00010752428551882884
ai_node_4,0.002752492937682594,0.0023420334645194003,0.003247458772967622,0.0012152819695616132,0.00539231072586941,0.0028247136843969067
ai_node_5,0.001118703269993803,0.0007967742714344351,0.001493951758939566,0.00020120562409960482,0.0030100361365300882,0.0011737861264698073
ai_node_6,0.0014848975058550837,0.0011347997199217712,0.0019718151161761273,0.0006639785595286959,0.005078429952274026,0.0016258251442644322
ai_node_7,0.00029778432366741513,0.00017706094920765225,0.000539231072586941,4.426523730191306e-05,0.002410443376713266,0.00041384053247056364
ai_node_8,0.0002696155362934705,0.0001207233744597629,0.0004507005979831148,3.621701233792887e-05,0.001754513042148554,0.0003206090896652743
ai_node_9,0.0011710167322597001,0.0007323884717225616,0.0017062236923646489,0.00032595311104135984,0.004370186155443417,0.0012950664380970776
ai_node_10,0.0008209189463263877,0.00041850769812717807,0.0013440535689853603,9.255458708581823e-05,0.003987895469654168,0.0009595238670111307
ai_node_11,0.0004265559230911622,0.00028168787373944676,0.0006639785595286959,0.000124747486941755,0.002953698561782199,0.0005218259812798287
ai_node_12,0.0002333985239555416,0.0001126751494957787,0.000458748822947099,1.207233744597629e-05,0.002036200915888001,0.0003368689185600116
ai_node_13,0.0007122679093126011,0.0005060321446105062,0.00099797989553404,0.00018510917417163646,0.0030341808114220407,0.0007944209704549662
ai_node_14,0.0006076409847808066,0.0003621701233792887,0.000954720686352625,7.645813715784983e-05,0.003086494273687938,0.0007185068933046816
ai_node_15,0.0003541218984153045,0.00020120562409960482,0.0006036168722988145,4.024112481992097e-05,0.002386298701821313,0.0004458998317920983
ai_node_16,0.002776637612574547,0.0023168827615069497,0.0033480615850174245,0.0012514989818995421,0.006655882045214928,0.002884552237004129
ai_node_17,0.00014486804935171549,8.853047460382612e-05,0.0002333985239555416,2.414467489195258e-05,0.0012152819695616132,0.00017951807228915663
ai_node_18,0.0002575431988474942,0.00014486804935171549,0.00041045947316319386,2.8168787373944675e-05,0.002008032128514056,0.0003095580719672276
ai_node_19,0.000917497645894198,0.0007162920217945932,0.001207233744597629,0.000374242460825265,0.0037585210581806182,0.0010146356970970052
ai_node_20,0.0002414467489195258,0.00014486804935171549,0.0004064353606812018,4.426523730191306e-05,0.0019034052039822618,0.00031320955163338725
ai_node_21,0.0009094494209302139,0.0007323884717225616,0.0011347997199217712,0.0004265559230911622,0.003038204923904033,0.0009734344190388811
ai_node_22,0.00039033891075323336,0.00024949497388351,0.0005915445348528382,6.036168722988145e-05,0.0027404206002366177,0.0004628743430636373
ai_node_23,0.0002655914238114784,0.00015291627431569967,0.00043058003557315435,4.024112481992097e-05,0.0017987782794504671,0.00032316762038132494
ai_node_24,0.0004466764855011227,0.00029778432366741513,0.0006800750094566643,0.00010865103701378661,0.0027726135000925548,0.0005305462330283056
ai_node_25,0.0003581460108972966,0.00021730207402757322,0.0005875204223708461,2.0120562409960485e-05,0.0021488760653837796,0.0004408479609822054
ai_node_26,0.0006921473469026407,0.000503014060249012,0.0009617628831961111,0.00019315739913562064,0.0030301566989400486,0.0007669282339779961
ai_node_27,0.004213245768645725,0.003451682481428721,0.005082454064756018,0.0015613556430129334,0.009585435932105174,0.004328410234122865
ai_node_28,0.0007444608091685379,0.00049898994776702,0.0010502933577999371,8.048224963984194e-05,0.0027726135000925548,0.0008141544132441589
ai_node_29,0.0009859075580880637,0.0007565331466145141,0.0013480776814673524,0.0003943630232352255,0.004100570619149946,0.0011146542080144224
ai_node_30,0.002024128578442025,0.001621717330242815,0.0024748291764251393,0.0007042196843486169,0.005122695189575939,0.0020886487835107964
ai_node_31,0.00020522973658159693,0.00013581379626723326,0.00031790488607737563,4.426523730191306e-05,0.0013199088940934077,0.00025413638522023973
ai_node_32,0.00074848492165053,0.0004909417228030358,0.0010945585951018502,0.00019718151161761274,0.004120691181559907,0.0008545991581556688
ai_node_33,0.0002293744114735495,0.0001207233744597629,0.00041045947316319386,1.6096449927968387e-05,0.0018430435167523802,0.0003014052200787117
ai_node_34,0.00014889216183370756,9.657869956781032e-05,0.0002293744114735495,1.207233744597629e-05,0.001122727382475795,0.0001789724026365985
ai_node_35,0.0014305719873481905,0.0010502933577999371,0.0020170863815985388,0.0004869176103210437,0.0073077882672976475,0.0016287450402813662
ai_node_36,0.0,0.0,0.0,0.0,0.0,0.0
ai_node_37,0.0003380254484873361,0.0002414467489195258,0.0004909417228030358,0.00015291627431569967,0.002004008016032064,0.00040192674505637775
ai_node_38,0.004044233044402057,0.003456712622031211,0.004777627544245117,0.002338009352037408,0.010197101029367973,0.0042228279852878445
ai_node_39,0.00030180843614940726,0.00020120562409960482,0.00044265237301913064,8.048224963984193e-06,0.0017867059420044909,0.00034276263370113723
ai_node_40,6.438579971187355e-05,3.219289985593677e-05,0.0001287715994237471,8.048224963984193e-06,0.0008007983839164272,0.00010011991855196335
ai_node_41,0.0007001955718666248,0.0005150863976949884,0.0009376182083041585,0.00023742263643753371,0.002579456100956934,0.0007600888524036025
ai_node_42,0.00049898994776702,0.0003168988579568776,0.0007726295965424826,7.243402467585774e-05,0.003299772235233519,0.0005938221825176458
ai_node_43,0.0006800750094566643,0.0005472792975509251,0.0008410395087363482,0.00028973609870343097,0.001871212304126325,0.0007112377365172111
ai_node_44,0.00032595311104135984,0.0002293744114735495,0.0004667970479110832,6.438579971187355e-05,0.0013078365566474314,0.0003676139427449276
ai_node_45,0.0023460575770013923,0.0017987782794504671,0.0030945424986519223,0.0007404366966865458,0.007927501589524431,0.0025573854536382
ai_node_46,0.0010945585951018502,0.0008933529710022454,0.0013440535689853603,0.0004828934978390516,0.0031790488607737564,0.0011523931396930408
ai_node_47,0.0023621540269293606,0.0019718151161761273,0.0028007822874664993,0.0008933529710022454,0.00508647817723801,0.002411229688292247
ai_node_48,0.0018108506168964436,0.001331981231539384,0.0024426362765692026,0.0004466764855011227,0.00785104345236658,0.0019670602248674056
ai_node_49,0.0005070381727310042,0.00019718151161761274,0.0009054253084482218,6.036168722988145e-05,0.003706207595914721,0.0006229672195797218
ai_node_50,0.0011428479448857554,0.000917497645894198,0.001460752830963131,0.0004265559230911622,0.003746448720734642,0.0012293800452310244
ai_node_51,0.000124747486941755,6.840991219386564e-05,0.0002132779615455811,0.0,0.0010663898077279057,0.0001622691165463457
ai_node_52,0.0005191105101769805,0.0003581460108972966,0.0007203161342765853,9.255458708581823e-05,0.0021891171902037004,0.0005694441091017376
ai_node_53,0.0009899316705700557,0.0008168948338443956,0.0012152819695616132,0.000503014060249012,0.0027363964877546256,0.0010496704251877248
ai_node_54,0.0001166992619777708,6.840991219386564e-05,0.00019718151161761274,4.024112481992097e-06,0.0007806778215064667,0.0001457259901328762
ai_node_55,0.00031388077359538355,0.00020925384906358903,0.00046277293542909114,8.048224963984194e-05,0.0010583415827639215,0.0003516003895340883
ai_node_56,0.0026398177881868153,0.0021005867155998743,0.0033239169101254716,0.00124747486941755,0.010060281204980242,0.0028123161986623848
ai_node_57,0.0007605572590965062,0.0005593516349969014,0.0010261486829079847,0.0001287715994237471,0.003380254484873361,0.0008314073930994518
ai_node_58,0.0007283643592405695,0.0005633757474788935,0.0009376182083041585,0.00027363964877546255,0.0029013850995163017,0.0007863131886262485
ai_node_59,0.00016096449927968388,8.75244464833281e-05,0.00028571198622143884,8.048224963984193e-06,0.0016136691052788307,0.00021218501259547207
ai_node_60,0.001162968507295716,0.0008802746054357712,0.0015251386306750047,0.0002655914238114784,0.0035975565589009342,0.001227195756975799
ai_node_61,0.0005271587351409647,0.00039033891075323336,0.0007323884717225616,0.00020925384906358903,0.0041247152940418995,0.0006074252923517719
ai_node_62,0.0006116650972627987,0.0004507005979831148,0.0008531118461823244,0.00016096449927968388,0.0023983710392672898,0.0006763189028659729
ai_node_63,0.0002253502989915574,0.00017706094920765225,0.00031388077359538355,8.048224963984194e-05,0.0008812806335562692,0.0002593556591093834
ai_node_64,0.00017102478048466413,0.00010060281204980241,0.00029376021118542305,4.024112481992097e-06,0.001750488929666562,0.00022411570128208226
ai_node_65,0.00030180843614940726,0.0002454708614015179,0.0003863147982712413,0.00016901272424366806,0.0011066309325478267,0.0003333816226831172
ai_node_66,0.0,0.0,0.0,0.0,0.0,0.0
ai_node_67,0.00040241124819920965,0.0002776637612574547,0.0005915445348528382,0.000124747486941755,0.002462756838979163,0.0004709933924073047
ai_node_68,0.0007565331466145141,0.0006800750094566643,0.0008571359586643166,0.0005070381727310042,0.001082486257655874,0.0007744412519818754
ai_node_69,0.0010663898077279057,0.0008571359586643166,0.0013239330065753997,0.0004667970479110832,0.0034406161721032428,0.0011172561991452785
ai_node_70,0.0006076409847808066,0.00042957400745265633,0.0008531118461823244,8.853047460382612e-05,0.002486901513871116,0.0006708034542981545
ai_node_71,0.0002776637612574547,0.00018510917417163646,0.0004064353606812018,2.414467489195258e-05,0.0015533074180489493,0.00031932217849353324
ai_node_72,2.0120562409960485e-05,4.024112481992097e-06,4.828934978390516e-05,0.0,0.00043460414805514643,3.500092554587086e-05
ai_node_73,0.0014124634811792259,0.0012112578570796211,0.0016780549049907043,0.0007806778215064667,0.0038068104079645236,0.0014798174662578169
ai_node_74,0.0018470676292343723,0.0013883188062872734,0.0024426362765692026,0.0005995927598168224,0.006700147282516841,0.002002207628107621
ai_node_75,0.0002696155362934705,0.00015291627431569967,0.00043460414805514643,8.048224963984193e-06,0.001794754166968475,0.0003270838866487996
ai_node_76,0.005309816419988572,0.004325920918141504,0.006442604083669347,0.002012056240996048,0.014136707149238235,0.005499880886270533
ai_node_77,0.00029376021118542305,0.0002253502989915574,0.00039033891075323336,0.00010462692453179452,0.0012836918817554787,0.00032469919759197107
ai_node_78,0.0011790649572236843,0.0008410395087363482,0.0016257414427248071,0.0002776637612574547,0.004056305381848034,0.0012908789466483167
ai_node_79,0.00016901272424366806,8.853047460382612e-05,0.00028571198622143884,0.0,0.0014527046059991469,0.0002074880685064909
ai_node_80,0.00010865103701378661,5.633757474788935e-05,0.00016901272424366806,8.048224963984193e-06,0.0006881232344206485,0.00012487062478370396
ai_node_81,0.0008370153962543561,0.0005311828476229568,0.0012756436567914946,0.00016498861176167596,0.0047967420785345796,0.0009901876041239106
ai_node_82,0.0006619665032876999,0.0005150863976949884,0.0008571359586643166,0.00023742263643753371,0.0022736235523255345,0.0007136723245688163
ai_node_83,0.0008651841836283008,0.0006559303345647118,0.001166992619777708,0.00032595311104135984,0.004080450056739986,0.0009777949473243678
ai_node_84,0.0004265559230911622,0.0003380254484873361,0.0005553275225149094,0.00020120562409960482,0.0014889216183370758,0.00046763889224231593
ai_node_85,0.0005754480849248699,0.00042253181060917014,0.0007686054840604905,0.00013681982438773128,0.0019235257663922222,0.0006135612590643134
ai_node_86,0.0033883027098373453,0.0026559142381147836,0.004281655680839591,0.0012233301945255974,0.010780597339256827,0.0035972732613822026
ai_node_87,0.001002004008016032,0.0007565331466145141,0.0013480776814673524,0.00028973609870343097,0.004470788967493219,0.0011132256480833153
ai_node_88,0.000503014060249012,0.0003581460108972966,0.0007203161342765853,0.00010462692453179452,0.0022776476648075266,0.0005779333767937482
ai_node_89,0.0017384165922205857,0.0014647769434451231,0.002040225028369993,0.0008732324085922849,0.0046357775792548956,0.0017810247000024147
ai_node_90,0.0006720267844926802,0.0004869176103210437,0.0009215217583761901,0.00013681982438773128,0.003287699897787543,0.0007489219402660744
ai_node_91,0.0008410395087363482,0.0006358097721547513,0.0011106550450298187,0.0002655914238114784,0.00274444471271861,0.0009086244778714053
ai_node_92,0.0009496905457501349,0.0007967742714344351,0.0011800709853441822,0.0005311828476229568,0.003460736734513203,0.001038021424374854
ai_node_93,0.0017706094920765226,0.0014325840435891865,0.00216899662779374,0.0007444608091685379,0.004909417228030358,0.0018542047951324336
ai_node_94,4.828934978390516e-05,2.0120562409960485e-05,0.0001287715994237471,0.0,0.0015211145181930124,9.996056369767647e-05
ai_node_95,0.0005955686473348303,0.0004064353606812018,0.0008853047460382613,0.00014486804935171549,0.0030180843614940724,0.0007003621701233793
ai_node_96,0.00020925384906358903,0.0001287715994237471,0.0003299772235233519,2.8168787373944675e-05,0.0012957642192014552,0.00025040361848194384
ai_node_97,0.0009899316705700557,0.0007967742714344351,0.00124747486941755,0.0003943630232352255,0.0028128546249124755,0.001052126743446733
ai_node_98,0.0006036168722988145,0.00046277293542909114,0.0008088466088804115,0.00024949497388351,0.0025995766633668945,0.0006640236295884943
ai_node_99,6.840991219386564e-05,3.219289985593677e-05,0.00014084393686972338,0.0,0.001243450756935558,0.00010673314500486919
ai_node_100,0.00014084393686972338,7.243402467585774e-05,0.00022132618650956532,0.0,0.0003541218984153045,0.0001493847132015034
ai_node_101,0.001621717330242815,0.0013199088940934077,0.0019808693692606096,0.0006881232344206485,0.004442620180119275,0.0017010333920853753
ai_node_102,0.0008651841836283008,0.0006639785595286959,0.001126751494957787,0.0003299772235233519,0.003038204923904033,0.0009342121994994004
ai_node_103,0.00010865103701378661,5.231346226589726e-05,0.00020522973658159693,4.024112481992097e-06,0.0014285599311071944,0.0001542225012273543
ai_node_104,0.001382282637564285,0.001166992619777708,0.0016820790174726964,0.0007323884717225616,0.005440600075653315,0.001474483102751688
ai_node_105,0.0006378218283957473,0.0004667970479110832,0.000874238436712783,0.00018108506168964435,0.0028168787373944676,0.000708722666215966
ai_node_106,0.001162968507295716,0.0009617628831961111,0.0014406322685531707,0.0006116650972627987,0.003995943694618152,0.0012474764790625426
ai_node_107,0.0005794721974068619,0.00041850769812717807,0.0007927501589524431,0.00014889216183370756,0.0024225157141592422,0.0006390097464004313
ai_node_108,0.0001126751494957787,7.243402467585774e-05,0.00017706094920765225,1.207233744597629e-05,0.000708243796830609,0.00013557073987332093
ai_node_109,0.0008933529710022454,0.0007444608091685379,0.0010945585951018502,0.0005070381727310042,0.0025070220762810763,0.0009511665902085294
ai_node_110,0.00021730207402757322,0.00014084393686972338,0.00031790488607737563,2.414467489195258e-05,0.001243450756935558,0.0002448970229615858
ai_node_111,0.0004788693853570595,0.00031790488607737563,0.0006921473469026407,3.621701233792887e-05,0.002535190863655021,0.0005276512865087605
ai_node_112,0.0007766537090244746,0.0006599544470467038,0.0009335940958221664,0.00043460414805514643,0.0020522973658159693,0.0008156151660751221
ai_node_113,0.0,0.0,0.0,0.0,0.0,0.0
ai_node_114,0.0004828934978390516,0.0003420495609693282,0.0006639785595286959,0.00010865103701378661,0.0020563214782979614,0.0005279217068675504
ai_node_115,0.0011790649572236843,0.0009527086301116289,0.0014728251684091073,0.0004909417228030358,0.003283675785305551,0.0012482153061142364
ai_node_116,0.0,0.0,8.048224963984193e-06,0.0,0.0002293744114735495,8.677596156167758e-06
ai_node_117,0.00022132618650956532,0.00013681982438773128,0.0003500977859333124,2.8168787373944675e-05,0.0014688010559271152,0.00026777168795422173
ai_node_118,0.00041850769812717807,0.00028571198622143884,0.0006036168722988145,0.00010865103701378661,0.002406419264231274,0.00047992289800484505
ai_node_119,0.00018108506168964435,0.0001126751494957787,0.00028973609870343097,2.0120562409960485e-05,0.0011830890697056764,0.00021753547255152873
ai_node_120,0.002828951074840444,0.002378250476857329,0.0034325679471392586,0.0014808733933730917,0.009621652944443103,0.0029981754674006647
ai_node_121,0.0004828934978390516,0.00034607367345132034,0.0006800750094566643,0.00017303683672566017,0.002116683165527843,0.0005443706690489412
ai_node_122,0.00316697652332778,0.0026800589130067365,0.003746448720734642,0.0013641741313953207,0.0068530635568325405,0.003269052160545992
ai_node_123,0.0016820790174726964,0.0013953610031307595,0.002032176803406009,0.0006881232344206485,0.004370186155443417,0.0017481010213197478
ai_node_124,9.255458708581823e-05,4.828934978390516e-05,0.00016096449927968388,0.0,0.0005593516349969014,0.00011520551142445536
ai_node_125,0.0012917401067194631,0.0011428479448857554,0.0015130662932290283,0.0009215217583761901,0.0033037963477155112,0.0013646071258983832
ai_node_126,0.0024426362765692026,0.002012056240996048,0.002989915574120128,0.0009054253084482218,0.006885256456688477,0.002551912660662691
ai_node_127,0.00042253181060917014,0.0003098566611133914,0.0005593516349969014,0.00010865103701378661,0.0018068265044144515,0.0004521219145117545
ai_node_128,0.001959742778730151,0.0015613556430129334,0.0024677869795816532,0.0007927501589524431,0.006080433960290058,0.0020826665378950674
ai_node_129,0.00010865103701378661,6.036168722988145e-05,0.00018913328665362853,0.0,0.0009617628831961111,0.00014020651745257583
ai_node_130,0.0003943630232352255,0.00030180843614940726,0.0005201165382974785,0.0001166992619777708,0.0014003911437332497,0.00042840701483287864
ai_node_131,0.0015855003179048861,0.0013400294565033683,0.001963766891212143,0.0009698111081600952,0.0058872765611544375,0.0017166026832782031
ai_node_132,0.000458748822947099,0.0003500977859333124,0.0006116650972627987,0.0001327957119057392,0.0018269470668244119,0.0005004692115154003
ai_node_133,0.0010181004579440005,0.0007444608091685379,0.001372222356359305,0.00015291627431569967,0.0039355820073882705,0.0011043218968056594
ai_node_134,0.0018792605290903091,0.0014527046059991469,0.002454708614015179,0.0006680026720106881,0.007142799655535972,0.0020325293156594313
ai_node_135,0.0007847019339884589,0.0005915445348528382,0.0010140763454620084,0.00014084393686972338,0.0023098405646634636,0.0008283764315780155
ai_node_136,0.0002454708614015179,0.00016901272424366806,0.00039033891075323336,8.048224963984194e-05,0.002028152690924017,0.0003153294540889007
ai_node_137,0.0031830729732557485,0.0028772404246243492,0.0035613395465630055,0.0022172859775776454,0.0064747969835252835,0.0032622803840612947
ai_node_138,0.0007565331466145141,0.0005352069601049489,0.0011066309325478267,0.0002535190863655021,0.0038631479827124127,0.0008898262388230277
ai_node_139,0.0023943469267852977,0.0019275498788742143,0.0029738191241921595,0.0007203161342765853,0.007641789603302991,0.0025179523706046632
ai_node_140,0.003376230372391369,0.002953698561782199,0.0038953408825683497,0.002032176803406009,0.00673636429485477,0.0034818222790963453
ai_node_141,0.0011750408447416922,0.0009295699833401744,0.0014688010559271152,0.0003621701233792887,0.0035613395465630055,0.0012345236658055066
ai_node_142,0.0014406322685531707,0.0011307756074397791,0.001840025432390886,0.0005110622852129963,0.006317856596727592,0.0015491867268673896
ai_node_143,0.0005352069601049489,0.0003822906857892492,0.000708243796830609,0.000124747486941755,0.001875236416608317,0.0005656662723036435
ai_node_144,0.00021730207402757322,0.00015291627431569967,0.00032192899855936776,7.645813715784983e-05,0.0014325840435891865,0.00026047677684686634
ai_node_145,0.0017786577170405067,0.001380270581323289,0.0022826778054100168,0.0004869176103210437,0.0055935163499690145,0.0018880218267861022
ai_node_146,0.0017384165922205857,0.00142051170614321,0.0021368037279378034,0.0006800750094566643,0.0047122357164127455,0.001817144328818279
ai_node_147,0.002714263869103669,0.001910447400825748,0.0035653636590449976,0.000917497645894198,0.007927501589524431,0.002825227965972105
ai_node_148,0.0009416423207861506,0.0007806778215064667,0.001162968507295716,0.0005231346226589725,0.0034406161721032428,0.0010151580268971678
ai_node_149,0.002414467489195258,0.0019315739913562063,0.0029778432366741516,0.0006680026720106881,0.006402362958849426,0.0024964322218734656
ai_node_150,0.000458748822947099,0.0003420495609693282,0.0006156892097447908,0.00016096449927968388,0.0020643697032619456,0.0005035782408189874
ai_node_151,9.657869956781032e-05,4.024112481992097e-05,0.00019416342725611866,0.0,0.0012756436567914946,0.0001433429107210405
ai_node_152,0.0023681901956523485,0.0019677910036941353,0.00292251169004676,0.0013400294565033683,0.006116650972627987,0.0025198179491513146
ai_node_153,0.0006921473469026407,0.0005070381727310042,0.0009496905457501349,0.00015291627431569967,0.003038204923904033,0.0007686561878777635
ai_node_154,0.004993923590152192,0.004292721990165069,0.00581484253647858,0.0024426362765692026,0.012289639520003863,0.005128725724541453
ai_node_155,0.002249478877433582,0.0018631640791623408,0.002745450740839108,0.0011026068200658346,0.005883252448672445,0.0023624284714006327
ai_node_156,0.0006116650972627987,0.0004667970479110832,0.0008007983839164272,0.0002293744114735495,0.0021891171902037004,0.0006592614948773049
ai_node_157,0.00028168787373944676,0.00018913328665362853,0.0004265559230911622,5.231346226589726e-05,0.001915477541428238,0.00033609789860846194
ai_node_158,0.0009617628831961111,0.0007565331466145141,0.0012233301945255974,0.0002655914238114784,0.0030502772613500095,0.0010169205881642802
ai_node_159,0.0009537146582321269,0.0007686054840604905,0.0011911372946696605,0.00041045947316319386,0.002828951074840444,0.0010128481863325043
ai_node_160,0.0014527046059991469,0.0011428479448857554,0.0018631640791623408,0.0005513034100329173,0.005472792975509251,0.0015659543987573542
ai_node_161,0.0004667970479110832,0.00031388077359538355,0.0006478821096007276,6.438579971187355e-05,0.0021448519529017876,0.0005075613073536632
ai_node_162,0.0018993810915002697,0.0015734279804589099,0.0023058164521814715,0.0008088466088804115,0.004925513677958326,0.001984589258838963
ai_node_163,0.0008128707213624036,0.0006317856596727592,0.0010583415827639215,0.0002575431988474942,0.0031388077359538356,0.0008844242702272013
ai_node_164,3.621701233792887e-05,2.0120562409960485e-05,6.036168722988145e-05,4.024112481992097e-06,0.0004869176103210437,4.997625773635625e-05
ai_node_165,0.0018873087540542933,0.0015653797554949255,0.0022977682272174874,0.0008893288585202534,0.005416455400761362,0.0019959324271032024
ai_node_166,0.0008973770834842375,0.0006881232344206485,0.0011468720573677474,0.0002454708614015179,0.002869192199660365,0.0009505895324786118
ai_node_167,0.00043058003557315435,0.00026156731132948626,0.0007001955718666248,1.6096449927968387e-05,0.003706207595914721,0.000530159113407538
ai_node_168,0.000374242460825265,0.00027363964877546255,0.00050402008836951,0.00010865103701378661,0.001380270581323289,0.00040316053794335664
ai_node_169,0.0018631640791623408,0.0011780589291031864,0.002748468825200602,0.00040241124819920965,0.007609596703447055,0.0020368648944475293
ai_node_170,0.0011307756074397791,0.000877256521074277,0.0014889216183370758,0.00037826657330725707,0.005018068265044144,0.0012386266508921458
ai_node_171,0.001006028120498024,0.0008450636212183403,0.0012152819695616132,0.0005513034100329173,0.002788709950020523,0.0010614160047001634
ai_node_172,0.0004265559230911622,0.00032192899855936776,0.0005714239724428777,0.0001327957119057392,0.0016981754674006647,0.0004696211700509453
ai_node_173,0.00039838713571721757,0.0002575431988474942,0.0005955686473348303,0.0,0.0019275498788742143,0.00045890817780138587
ai_node_174,0.0009396302645451546,0.0007001955718666248,0.0012716195443095025,0.00032595311104135984,0.004861127878246453,0.0010395715125029177
ai_node_175,0.0015613556430129334,0.0013279571190573918,0.0018873087540542933,0.0007404366966865458,0.0038470515327844444,0.0016458104964949983
ai_node_176,0.0014929457308190679,0.0011911372946696605,0.0018873087540542933,0.000503014060249012,0.004623705241808919,0.001586166710931904
ai_node_177,0.0004667970479110832,0.000374242460825265,0.0006116650972627987,0.0002454708614015179,0.002619697225776855,0.0005232585653234179
ai_node_178,0.0015170904057110204,0.001122727382475795,0.0019879115661040957,0.000374242460825265,0.005327924926157536,0.0016367876314878752
ai_node_179,0.0006800750094566643,0.0005271587351409647,0.0008893288585202534,0.0002535190863655021,0.002450684501533187,0.0007392640703092933
ai_node_180,5.231346226589726e-05,2.8168787373944675e-05,0.00010060281204980241,8.048224963984193e-06,0.0007525090341325221,7.912129479843221e-05
ai_node_181,0.0004386282605371385,0.0003299772235233519,0.0006076409847808066,0.00018108506168964435,0.0023420334645194003,0.0005044007694103065
ai_node_182,0.0010181004579440005,0.0008933529710022454,0.001166992619777708,0.0006036168722988145,0.002836999299804428,0.0010517911324657346
ai_node_183,0.0014285599311071944,0.0011710167322597001,0.0017464648171845699,0.0005915445348528382,0.004120691181559907,0.0014934020651745257
ai_node_184,0.0012635713193455184,0.0010301727953899767,0.0015855003179048861,0.00047484527287506743,0.0036860870335047604,0.0013457155274404229
ai_node_185,0.001951694553766167,0.001750488929666562,0.0022172859775776454,0.0013521017939493445,0.0049778271402242235,0.0020199282098333216
ai_node_186,0.000124747486941755,8.048224963984194e-05,0.00018510917417163646,8.048224963984193e-06,0.0007122679093126011,0.00014198919928209834
ai_node_187,0.0003098566611133914,0.00018108506168964435,0.00049898994776702,4.426523730191306e-05,0.002374226364375337,0.0003791164658634538
ai_node_188,0.0006317856596727592,0.0004828934978390516,0.0008370153962543561,0.00020522973658159693,0.002466780951461155,0.0006939284190871704
ai_node_189,0.001162968507295716,0.0009215217583761901,0.0014929457308190679,0.0004828934978390516,0.0037987621830005394,0.0012510619632839976
ai_node_190,0.00032595311104135984,0.0002414467489195258,0.00045472471046510693,0.00010865103701378661,0.0016136691052788307,0.0003697201632180023
ai_node_191,0.00023742263643753371,0.00017203080860516215,0.0003299772235233519,4.426523730191306e-05,0.0011830890697056764,0.0002638465686392866
ai_node_192,0.003122711286025867,0.0025673837635109575,0.0038430274203024523,0.0012635713193455184,0.008909385035130502,0.0032901513871115727
ai_node_193,0.0005955686473348303,0.00041448358564518593,0.000832991283772364,0.000124747486941755,0.004148859968933852,0.0006621451738819002
ai_node_194,0.0010905344826198581,0.000917497645894198,0.0013521017939493445,0.0006478821096007276,0.0037142558208787054,0.0011826914873924554
ai_node_195,0.0007323884717225616,0.000543255185068933,0.000957738770714119,0.00016901272424366806,0.002293744114735495,0.0007737909554047855
ai_node_196,0.0011388238324037633,0.0009215217583761901,0.0014285599311071944,0.0005150863976949884,0.0036538941336488238,0.0012258589468092814
ai_node_197,0.0011106550450298187,0.0009215217583761901,0.001372222356359305,0.0005673998599608856,0.00358950833393695,0.0011916869884347008
ai_node_198,0.0028530957497323963,0.002386298701821313,0.0034003750472833215,0.0012675954318275104,0.00938423030800557,0.0029691093029432358
ai_node_199,0.00031790488607737563,0.00020522973658159693,0.00046277293542909114,1.207233744597629e-05,0.0015653797554949255,0.00035487601709442983
ai_node_200,0.00023742263643753371,0.0001287715994237471,0.0004667970479110832,5.633757474788935e-05,0.0026116490008128708,0.00035263378161946385
ai_node_201,0.002160948402829756,0.0018108506168964436,0.0026760348005247445,0.001078462145173882,0.007645813715784984,0.0023264303707817243
ai_node_202,0.0007243402467585774,0.0005794721974068619,0.0009094494209302139,0.0002575431988474942,0.0023903228143033056,0.0007710127081472181
ai_node_203,0.004575415892025014,0.0038953408825683497,0.005372190163459449,0.0021287555029738192,0.011126671012708146,0.004719108900531988
ai_node_204,0.0001327957119057392,8.853047460382612e-05,0.00020120562409960482,3.621701233792887e-05,0.000917497645894198,0.00015980233559488455
ai_node_205,0.0007686054840604905,0.0005673998599608856,0.0010704139202098977,0.00031388077359538355,0.004482861304939196,0.0008714875534200932
ai_node_206,0.0026559142381147836,0.002293744114735495,0.0031186871735438748,0.0015573315305309414,0.006378218283957474,0.0027644799639439522
ai_node_207,0.0004788693853570595,0.0003661942358612808,0.0006197133222267828,0.00010462692453179452,0.0018631640791623408,0.0005073826367594627
ai_node_208,0.0023903228143033056,0.0018993810915002697,0.0030261325864580566,0.000917497645894198,0.007838971114920604,0.0025432085053641424
ai_node_209,0.00049898994776702,0.0003500977859333124,0.000708243796830609,9.657869956781032e-05,0.002619697225776855,0.0005609556462322235
ai_node_210,0.0013561259064313366,0.0009859075580880637,0.0018551158541983566,0.00031388077359538355,0.006012024048096192,0.0014758818842504286
ai_node_211,0.000501002004008016,0.00031388077359538355,0.00074848492165053,6.438579971187355e-05,0.0024305639391232264,0.0005617620783736147
ai_node_212,0.00039838713571721757,0.0002776637612574547,0.0005794721974068619,7.243402467585774e-05,0.00191950165391023,0.0004542732050446274
ai_node_213,0.001164980563536712,0.001006028120498024,0.0013601500189133287,0.0006961714593846328,0.0030100361365300882,0.0012215137101512263
ai_node_214,0.00030583254863139934,0.00018913328665362853,0.00045472471046510693,2.0120562409960485e-05,0.0018148747293784356,0.0003467827220706473
ai_node_215,0.0013521017939493445,0.0011146791575118108,0.0016619584550627358,0.0006519062220827197,0.0044949336423851715,0.0014329212642151773
ai_node_216,0.004462740742529235,0.0038027862954825315,0.005255490901481678,0.002080466153189914,0.011166912137528068,0.004582986052426137
ai_node_217,0.002164972515311748,0.0018188988418604277,0.0025955525508849025,0.0009657869956781032,0.005955686473348303,0.002262566096047517
ai_node_218,9.255458708581823e-05,5.231346226589726e-05,0.00014889216183370756,0.0,0.0009416423207861506,0.0001196038663672727
ai_node_219,0.001500993955783052,0.0012595472068635263,0.0018108506168964436,0.0008531118461823244,0.004478837192457203,0.001579553484478998
ai_node_220,0.0009778593331240795,0.0008209189463263877,0.0011710167322597001,0.00047484527287506743,0.0030341808114220407,0.0010269567246943686
ai_node_221,0.0017746336045585146,0.00149696984330106,0.002124731390491827,0.0008611600711463087,0.0042776315683575985,0.0018543319570868643
ai_node_222,0.0008531118461823244,0.0006478821096007276,0.0011398298605242614,0.00026156731132948626,0.0036820629210227683,0.0009291884974768815
ai_node_223,0.0007283643592405695,0.0004869176103210437,0.0010744380326918898,0.0002253502989915574,0.0031710006358097722,0.0008220819148336833
ai_node_224,0.0020522973658159693,0.0016901272424366806,0.002454708614015179,0.0008249430588083798,0.005806794311514596,0.0021163958438966284
ai_node_225,0.00014486804935171549,7.243402467585774e-05,0.00024949497388351,0.0,0.0010301727953899767,0.00018086614997062399
ai_node_226,0.00010462692453179452,4.828934978390516e-05,0.00020522973658159693,0.0,0.0011911372946696605,0.00014738875341043534
ai_node_227,0.0011750408447416922,0.0008973770834842375,0.0015331868556389889,0.00039033891075323336,0.003959726682280223,0.001266731857288875
ai_node_228,0.0009657869956781032,0.0008007983839164272,0.0011911372946696605,0.0005070381727310042,0.0028973609870343096,0.0010294516744332037
ai_node_229,9.255458708581823e-05,4.828934978390516e-05,0.00016096449927968388,0.0,0.001078462145173882,0.00012077005416455402
ai_node_230,0.00030583254863139934,0.0002253502989915574,0.00042253181060917014,8.048224963984194e-05,0.0014889216183370758,0.0003493251563367699
ai_node_231,0.0016981754674006647,0.0014848975058550837,0.0019798633411401115,0.001042245132835953,0.003923509669942294,0.0017702859534329705
ai_node_232,0.0012313784194895815,0.0009617628831961111,0.0015533074180489493,0.0003702183483432729,0.0036659664710948,0.001299333606972982
ai_node_233,0.0012394266444535657,0.0009295699833401744,0.001621717330242815,0.00030583254863139934,0.004539198879687085,0.0013266525017907303
ai_node_234,0.0005191105101769805,0.00039033891075323336,0.0006760508969746723,0.00013681982438773128,0.0018229229543424198,0.0005557331530530942
ai_node_235,0.0016579343425807437,0.0013068305285269333,0.0021046108280818663,0.0005633757474788935,0.005718263836910769,0.00176626586506346
ai_node_236,0.0019355981038381984,0.0016136691052788307,0.0023903228143033056,0.0008692082961102929,0.00688928056917047,0.0020764211153230156
ai_node_237,0.0005472792975509251,0.0003863147982712413,0.0007806778215064667,0.00013681982438773128,0.0032756275603415667,0.0006273961577774023
ai_node_238,0.0018913328665362853,0.0015653797554949255,0.0023098405646634636,0.0009054253084482218,0.005102574627165978,0.0019936620228408622
ai_node_239,0.0013158847816114156,0.0011388238324037633,0.001581476205422894,0.0007444608091685379,0.004507005979831148,0.0014059363707334346
ai_node_240,0.0013440535689853603,0.0010261486829079847,0.0017303683672566016,0.0003299772235233519,0.0047967420785345796,0.0014327522514909336
ai_node_241,0.001750488929666562,0.0014124634811792259,0.0021810689652397163,0.0007404366966865458,0.00541243128827937,0.001856754472801024
ai_node_242,0.0008410395087363482,0.0006680026720106881,0.0010905344826198581,0.0003581460108972966,0.003130759510989851,0.0009163781378017079
ai_node_243,0.0016881151861956845,0.00142051170614321,0.0020563214782979614,0.0008289671712903719,0.004599560566916966,0.0017872322959171356
ai_node_244,0.0019335860475972024,0.0015895244303868782,0.002370202251893345,0.0008128707213624036,0.004925513677958326,0.002015873514096466
ai_node_245,0.0016096449927968386,0.0013078365566474314,0.001963766891212143,0.0006921473469026407,0.004623705241808919,0.0016782110405550057
ai_node_246,0.0009939557830520478,0.0007766537090244746,0.0012675954318275104,0.00019315739913562064,0.004245438668501662,0.001055226114880363
ai_node_247,0.0010543174702819294,0.0008450636212183403,0.0013279571190573918,0.0003702183483432729,0.0031468559609178198,0.0011154558112208353
ai_node_248,0.0038430274203024523,0.003130759510989851,0.0047122357164127455,0.0014486804935171548,0.00957738770714119,0.00400322009480809
ai_node_249,9.657869956781032e-05,5.231346226589726e-05,0.00015291627431569967,8.048224963984193e-06,0.0005513034100329173,0.00011281921272263403
ai_node_250,0.0009215217583761901,0.0007605572590965062,0.0011307756074397791,0.000503014060249012,0.0027967581749845072,0.0009818931034760283
ai_node_251,0.00019718151161761274,0.0001287715994237471,0.00030180843614940726,1.6096449927968387e-05,0.0011146791575118108,0.00023269752356117857
ai_node_252,0.0034084232722473057,0.0028852886495883334,0.004032160706956081,0.001790730054486483,0.008857071572864604,0.003532175998583513
ai_node_253,0.0009778593331240795,0.0007404366966865458,0.0012997883316834473,0.0002293744114735495,0.0037866898455545628,0.0010651841836283008
ai_node_254,0.002036200915888001,0.0017867059420044909,0.0023983710392672898,0.0013601500189133287,0.005303780251265583,0.0021379127733378404
ai_node_255,0.00043058003557315435,0.00031388077359538355,0.0005764541130453679,6.840991219386564e-05,0.0018229229543424198,0.0004681958294098237
ai_node_256,0.0007122679093126011,0.0005915445348528382,0.000877256521074277,0.00040241124819920965,0.0030301566989400486,0.0007624687125254526
ai_node_257,0.0034124473847292978,0.002869192199660365,0.004000973835220642,0.0016096449927968386,0.008350033400133601,0.003505785868926608
ai_node_258,0.0009657869956781032,0.0007726295965424826,0.0012112578570796211,0.000374242460825265,0.0034003750472833215,0.0010294251152908225
ai_node_259,0.001537210968120981,0.0011740348166211943,0.002033182831526507,0.00047484527287506743,0.005062333502346058,0.001677531770368045
ai_node_260,0.00018510917417163646,0.0001166992619777708,0.00028168787373944676,1.207233744597629e-05,0.001500993955783052,0.0002209012402314669
ai_node_261,0.004627729354290911,0.00399191958213616,0.005380238388423433,0.002402395151749282,0.011851011259466724,0.004782739776742239
ai_node_262,0.0013641741313953207,0.0010341969078719688,0.0018108506168964436,0.00039838713571721757,0.005331949038639528,0.0014874391352987099
ai_node_263,0.004382258492889393,0.003987895469654168,0.004869176103210437,0.0031468559609178198,0.008354057512615592,0.0044897143684960285
ai_node_264,0.001372222356359305,0.0011508961698497397,0.0016700066800267202,0.0007042196843486169,0.00408849828170397,0.0014497501026148683
ai_node_265,0.0006700147282516841,0.0004788693853570595,0.0009335940958221664,0.00014486804935171549,0.0029335779993722383,0.000744376302806416
ai_node_266,0.0018953569790182774,0.0016297655552067992,0.002237406539987606,0.0010341969078719688,0.004217269881127718,0.001968128224320126
ai_node_267,0.0017786577170405067,0.0014124634811792259,0.0022655753273615503,0.00074848492165053,0.007838971114920604,0.001903195145310702
ai_node_268,0.0015090421807470362,0.0012193060820436053,0.0019315739913562063,0.0006277615471907671,0.004631753466772903,0.0016164030872990963
ai_node_269,0.0018510917417163646,0.0014245358186252021,0.002374226364375337,0.0004909417228030358,0.00621725378467779,0.001954177431167556
ai_node_270,0.000788726046470451,0.0006519062220827197,0.0010100522329800164,0.0004386282605371385,0.00316697652332778,0.0008701925940233881
ai_node_271,0.0009778593331240795,0.0007444608091685379,0.0012957642192014552,0.0002454708614015179,0.00391546144497831,0.001074325357542394
ai_node_272,0.0013118606691294235,0.001046269245317945,0.001617693217760823,0.00031790488607737563,0.003158928298363796,0.00135782569154373
ai_node_273,0.00099797989553404,0.0007283643592405695,0.001376246468841297,0.0002535190863655021,0.004024112481992096,0.001104488495062414
ai_node_274,0.000917497645894198,0.0007203161342765853,0.0011589443948137239,0.00029778432366741513,0.002704203587898689,0.0009693765040120402
ai_node_275,0.0011428479448857554,0.0008933529710022454,0.0014486804935171548,0.00040241124819920965,0.003509026084297108,0.0012121455762931484
ai_node_276,0.004044233044402057,0.003577435996490974,0.004631753466772903,0.002756517050164586,0.008704155298548904,0.004170045311506547
ai_node_277,0.0005311828476229568,0.00040241124819920965,0.0007042196843486169,0.00014889216183370756,0.0020160803534780406,0.0005786528881055283
ai_node_278,0.007199137230283861,0.006696123170034849,0.007826898777474629,0.005561323450113078,0.01285703937996475,0.0073464479159121455
ai_node_279,0.00476052506619665,0.004147853940813354,0.005546233028305607,0.0031468559609178198,0.011734311997488953,0.004964336705539593
ai_node_280,0.0010905344826198581,0.0008410395087363482,0.0014124634811792259,0.0002414467489195258,0.0036860870335047604,0.0011660075170421165
ai_node_281,0.003418483553452286,0.0028168787373944676,0.004128739406523891,0.0012997883316834473,0.00840637097488149,0.0035441702682473377
ai_node_282,0.0014406322685531707,0.0011750408447416922,0.0017826818295224988,0.000543255185068933,0.004370186155443417,0.0015099146083331321
ai_node_283,0.0040683777192940095,0.003509026084297108,0.0047323562788227054,0.0019919356785860877,0.010470740678143435,0.0041917843719567645
ai_node_284,0.0019275498788742143,0.0015291627431569968,0.0024235217422797404,0.000458748822947099,0.005513034100329172,0.0020252448672445295
ai_node_285,0.0023903228143033056,0.002008032128514056,0.002861143974696381,0.0010261486829079847,0.006128723310073963,0.0024841562643359003
ai_node_286,0.006595520357985047,0.0055683656469565634,0.007811808355667157,0.002828951074840444,0.014583383634739358,0.00679456503368182
ai_node_287,0.0010261486829079847,0.00074848492165053,0.0013842946938052813,0.0002293744114735495,0.004434571955155291,0.001120287160666715
ai_node_288,0.004170992587584808,0.0037223040458426895,0.004800766191016571,0.0026478660131507995,0.0098268826810247,0.004341210131105585
ai_node_289,0.001078462145173882,0.000832991283772364,0.0014003911437332497,0.0003863147982712413,0.003943630232352255,0.0011653411240150984
ai_node_290,0.00014084393686972338,7.243402467585774e-05,0.00023742263643753371,0.0,0.0010905344826198581,0.00017555995525186921
ai_node_291,0.0015170904057110204,0.0012796677692734867,0.0018430435167523802,0.0007283643592405695,0.0048369832033545,0.0015957875590538507
ai_node_292,0.001162968507295716,0.0009084433928097158,0.0014768492808910996,0.0003420495609693282,0.003581460108972966,0.0012315820395811703
ai_node_293,0.002547263201100997,0.0022172859775776454,0.0029657708992281754,0.001500993955783052,0.008024080289092241,0.0026580140200078875
ai_node_294,0.0009335940958221664,0.0007001955718666248,0.0012394266444535657,0.00020925384906358903,0.0032716034478595746,0.0010027589315176539
ai_node_295,0.0005794721974068619,0.0004708211603930753,0.0007444608091685379,0.0002454708614015179,0.0022695994398435424,0.0006416061037738126
ai_node_296,0.0002253502989915574,0.0001287715994237471,0.00037826657330725707,0.0,0.0021046108280818663,0.0002852516277534989
ai_node_297,0.0028088305124304835,0.002333985239555416,0.003380254484873361,0.00124747486941755,0.007368149954527529,0.002938711157254268
ai_node_298,0.0009255458708581823,0.0006921473469026407,0.0012514989818995421,0.0002575431988474942,0.0038108345204465157,0.0010163636509967727
ai_node_299,0.0003420495609693282,0.0002333985239555416,0.0004788693853570595,5.633757474788935e-05,0.001621717330242815,0.00038152529959517426
ai_node_300,0.003291724010269535,0.0027203000378266573,0.003967774907244207,0.0014245358186252021,0.008358081625097585,0.003428540615367281
ai_node_301,0.0011750408447416922,0.0008692082961102929,0.0015694038679769178,0.0002333985239555416,0.004965754802778248,0.0012681708799124353
ai_node_302,0.0016096449927968386,0.0012595472068635263,0.0020683938157439376,0.0006116650972627987,0.0064265076337413785,0.0017386974752718288
ai_node_303,8.853047460382612e-05,4.024112481992097e-05,0.00016498861176167596,0.0,0.0010704139202098977,0.00011979541412141552
ai_node_304,0.002004008016032064,0.0015855003179048861,0.002539214976137013,0.0007122679093126011,0.0066357614828049674,0.0021391530048047902
ai_node_305,0.0014929457308190679,0.0011911372946696605,0.0018591399666803487,0.0006317856596727592,0.004917465452994342,0.0015853337196481316
ai_node_306,0.0006800750094566643,0.0005191105101769805,0.0008933529710022454,0.00014084393686972338,0.0026076248883308787,0.0007312778166775318
ai_node_307,0.0005995927598168224,0.00045472471046510693,0.0008088466088804115,0.0002575431988474942,0.00464382580421888,0.0006784573162389036
ai_node_308,0.00019718151161761274,0.0001166992619777708,0.00030180843614940726,4.426523730191306e-05,0.0012716195443095025,0.00022720702449074856
ai_node_309,0.0017746336045585146,0.0013842946938052813,0.0022655753273615503,0.0005231346226589725,0.004800766191016571,0.0018805595125994962
ai_node_310,0.00010060281204980241,2.8168787373944675e-05,0.0002454708614015179,0.0,0.0017263442547746095,0.00017107950841441921
ai_node_311,0.0009698111081600952,0.0007243402467585774,0.0012635713193455184,0.0002132779615455811,0.004156908193897836,0.0010351779864950785
ai_node_312,0.0017062236923646489,0.00142051170614321,0.002088514378153898,0.0008490877337003324,0.004905393115548366,0.0017991911533911194
ai_node_313,0.004482861304939196,0.0036931292303482464,0.00541243128827937,0.0017585371546305463,0.012044168658602345,0.004659851429767165
ai_node_314,0.002704203587898689,0.0020603455907799535,0.003501983887453622,0.0004949658352850279,0.008611600711463087,0.002859369341091822
ai_node_315,0.00029376021118542305,0.00020120562409960482,0.00042253181060917014,6.840991219386564e-05,0.0016136691052788307,0.0003397904242219378
ai_node_316,0.0012354025319715736,0.0010221245704259926,0.0015090421807470362,0.0005754480849248699,0.0052514667889996865,0.0013149914286404133
ai_node_317,0.0009818834456060716,0.000832991283772364,0.001207233744597629,0.0005472792975509251,0.0032716034478595746,0.001060414805514644
ai_node_318,0.0014084393686972338,0.0009899316705700557,0.0019285559069947122,0.0001327957119057392,0.005259515013963671,0.0015253808822464205
ai_node_319,0.0008370153962543561,0.000543255185068933,0.0011991855196336449,6.840991219386564e-05,0.0039717990197262,0.0009294814528655703
ai_node_320,3.621701233792887e-05,8.048224963984193e-06,8.450636212183403e-05,0.0,0.0008088466088804115,5.952950076860548e-05
ai_node_321,2.0120562409960485e-05,8.048224963984193e-06,4.024112481992097e-05,0.0,0.00022132618650956532,2.9091113954817265e-05
ai_node_322,0.0009738352206420874,0.0006921473469026407,0.0013641741313953207,0.00016096449927968388,0.0040683777192940095,0.001084482217446942
ai_node_323,0.0016780549049907043,0.0011146791575118108,0.0024426362765692026,0.0001287715994237471,0.0073560776170815525,0.0018801554917063043
ai_node_324,0.001243450756935558,0.0010221245704259926,0.0015452591930849651,0.0006036168722988145,0.004543222992169077,0.0013256521074277068
ai_node_325,0.0014406322685531707,0.0011750408447416922,0.0018470676292343723,0.0006921473469026407,0.005195129214251797,0.0015636469726601797
ai_node_326,0.0009275579270991783,0.0006156892097447908,0.0013883188062872734,4.024112481992097e-05,0.005070381727310042,0.0010702481267756397
ai_node_327,0.005054285277382073,0.004276625540237101,0.006016048160578185,0.0021327796154558113,0.011319828411843768,0.00523255426515682
ai_node_328,0.0005191105101769805,0.0003380254484873361,0.00074848492165053,4.024112481992097e-05,0.003006012024048096,0.0005787414185801322
ai_node_329,0.002619697225776855,0.002112659053045851,0.003244440688606128,0.0007967742714344351,0.007617644928411039,0.0027387715189414975
ai_node_330,0.0022997802834584836,0.0017132658892081353,0.0030221084739760645,0.0004265559230911622,0.008116634876178058,0.0024409316625218307
ai_node_331,0.0007323884717225616,0.0005794721974068619,0.0009416423207861506,0.0003380254484873361,0.003006012024048096,0.000800125552309438
ai_node_332,0.00018510917417163646,0.00010060281204980241,0.00031790488607737563,0.0,0.001955718666248159,0.00024573242871284737
ai_node_333,0.0009255458708581823,0.000708243796830609,0.0012354025319715736,0.0004064353606812018,0.0038430274203024523,0.0010279056104176224
ai_node_334,0.005283659688855623,0.004410427280263338,0.0064466281961513385,0.002402395151749282,0.012804725917698852,0.0055541822601025345
ai_node_335,0.0014285599311071944,0.0011106550450298187,0.0018188988418604277,0.0005191105101769805,0.0047323562788227054,0.0015178606208400738
ai_node_336,0.0006840991219386564,0.00045472471046510693,0.0009738352206420874,5.231346226589726e-05,0.0037866898455545628,0.000757540784380005
ai_node_337,0.002315876733386452,0.0017665853795945305,0.0029818673491561437,0.0007122679093126011,0.009114614771712099,0.0024612461871534232
ai_node_338,0.0003822906857892492,0.0002575431988474942,0.0005754480849248699,7.243402467585774e-05,0.002663962463078768,0.00046398741257615636
ai_node_339,0.003452688509549219,0.0030905183861699302,0.0039355820073882705,0.002257527102397566,0.007645813715784984,0.003579538997674063
ai_node_340,0.0026720106880427524,0.0022213100900596375,0.003247458772967622,0.0011951614071516528,0.007420463416793427,0.002813970108892484
ai_node_341,0.0007203161342765853,0.0004708211603930753,0.0010744380326918898,0.00010462692453179452,0.005134767527021915,0.0008389566281156691
ai_node_342,0.0001207233744597629,6.036168722988145e-05,0.0002132779615455811,1.207233744597629e-05,0.0014044152562152417,0.00015999549299402016
ai_node_343,0.0020724179282259297,0.001577452092940902,0.0026398177881868153,0.0005271587351409647,0.006003975823132208,0.0021629226324134214
ai_node_344,0.0019718151161761273,0.0016418378926527754,0.002382274589339321,0.0008933529710022454,0.00531585258871156,0.002064060651423329
ai_node_345,0.00029376021118542305,0.00017706094920765225,0.00046277293542909114,1.207233744597629e-05,0.00199595979106808,0.0003515995847115919
ai_node_346,0.0006519062220827197,0.00043460414805514643,0.000917497645894198,2.8168787373944675e-05,0.002913457436962278,0.0007158340777941425
ai_node_347,6.036168722988145e-05,2.8168787373944675e-05,0.0001126751494957787,0.0,0.0006881232344206485,8.35534522860983e-05
ai_node_348,0.0006760508969746723,0.0004909417228030358,0.0009617628831961111,0.0002132779615455811,0.002845047524768412,0.0007739897465613959
ai_node_349,0.004758513009955654,0.0039637507947622155,0.005714239724428778,0.0017343924797385937,0.01264778553090116,0.004900977859333124
ai_node_350,0.0017223201422926174,0.0014688010559271152,0.0020482732533339773,0.001006028120498024,0.004366162042961425,0.0018027967581749846
ai_node_351,0.0001207233744597629,9.255458708581823e-05,0.00016498861176167596,2.414467489195258e-05,0.001166992619777708,0.00014183708783027904
ai_node_352,0.0008692082961102929,0.0006800750094566643,0.001118703269993803,0.00039838713571721757,0.003541218984153045,0.000953432165535891
ai_node_353,0.0005191105101769805,0.0003420495609693282,0.0007323884717225616,2.414467489195258e-05,0.002410443376713266,0.0005637049198799204
ai_node_354,0.0007323884717225616,0.000583496309888854,0.0009376182083041585,0.0003541218984153045,0.002551287313582989,0.0008007806778215066
ai_node_355,0.00033198927976434795,0.0002333985239555416,0.00045472471046510693,8.450636212183403e-05,0.001617693217760823,0.00036769040088208545
ai_node_356,0.0009859075580880637,0.0006720267844926802,0.0013601500189133287,9.255458708581823e-05,0.003947654344834247,0.001058023677877844
ai_node_357,0.0040965465066679545,0.0034033931316448155,0.004945634240368287,0.0020724179282259297,0.010426475440841522,0.0043071935034728085
ai_node_358,0.001754513042148554,0.001372222356359305,0.0022333824275056137,0.00043058003557315435,0.0068530635568325405,0.0018596848315104103
ai_node_359,0.0012957642192014552,0.0009899316705700557,0.001665982567544728,0.00042253181060917014,0.004688091041520793,0.0013817570884741373
ai_node_360,0.0012313784194895815,0.0008410395087363482,0.0018028023919324592,0.00016901272424366806,0.008197117125817902,0.0014449099001215282
ai_node_361,0.004692115154002785,0.0038591238702304206,0.005662932290283378,0.0017706094920765226,0.012414387006945618,0.004858230517259419
ai_node_362,0.0021891171902037004,0.0016297655552067992,0.0030100361365300882,0.000788726046470451,0.007919453364560446,0.0024483408584236744
ai_node_363,0.001086510370137866,0.0007162920217945932,0.001581476205422894,0.00021730207402757322,0.005899348898600413,0.001232094711511376
ai_node_364,0.0008973770834842375,0.0006197133222267828,0.0012273543070075894,0.0002655914238114784,0.004020088369510105,0.0009816049770223177
ai_node_365,0.002289720002253503,0.0019275498788742143,0.0028058124280689895,0.0012796677692734867,0.007883236352222517,0.0024409461493267665
ai_node_366,0.00014084393686972338,5.231346226589726e-05,0.00031388077359538355,0.0,0.0018430435167523802,0.0002246187153423312
ai_node_367,0.0012756436567914946,0.00099797989553404,0.0016740307925087123,0.0005714239724428777,0.006201157334749821,0.0014042655592309118
ai_node_368,0.0009496905457501349,0.0006639785595286959,0.00142051170614321,0.00023742263643753371,0.005786673749104635,0.0011311273148707052
ai_node_369,0.0007364125842045536,0.0004466764855011227,0.0011508961698497397,3.219289985593677e-05,0.004112642956595923,0.0008689241937690642
ai_node_370,0.0005492913537919213,0.00043460414805514643,0.0007042196843486169,0.00019315739913562064,0.0020724179282259297,0.0005963010358065529
ai_node_371,0.001915477541428238,0.0015653797554949255,0.0023500816894833844,0.0007243402467585774,0.004889296665620398,0.0019977907622473865
ai_node_372,0.0013279571190573918,0.0011750408447416922,0.0015734279804589099,0.0009215217583761901,0.00416495641886182,0.001421071057778207
ai_node_373,0.001038221020353961,0.0008048224963984193,0.0013400294565033683,0.00037826657330725707,0.0038591238702304206,0.0011094075701604013
ai_node_374,0.0014366081560711786,0.001082486257655874,0.0018430435167523802,0.00013681982438773128,0.005030140602490121,0.0015194911912177768
ai_node_375,0.0010502933577999371,0.0008128707213624036,0.0013480776814673524,0.0003581460108972966,0.00466394636662884,0.0011199724750706231
ai_node_376,0.0034325679471392586,0.0026066188602103806,0.004410427280263338,0.0008933529710022454,0.009722255756492906,0.003622315313357639
ai_node_377,0.001665982567544728,0.0012957642192014552,0.002164972515311748,0.0005231346226589725,0.0066075926954310225,0.0017985215410741163
ai_node_378,0.0039074132200143255,0.003158928298363796,0.004858109793884959,0.0015331868556389889,0.010925465388608542,0.0041130188087017405
ai_node_379,0.004756500953714658,0.004044233044402057,0.0056498539247169036,0.0025110461887630684,0.012547182718851357,0.004957808790271306
ai_node_380,0.00017303683672566017,0.00010060281204980241,0.00030683857675189736,1.207233744597629e-05,0.002414467489195258,0.00023938398886125665
ai_node_381,0.0009335940958221664,0.0007444608091685379,0.0011750408447416922,0.00041045947316319386,0.003505001971815116,0.0009962825248891357
ai_node_382,0.0007203161342765853,0.0004507005979831148,0.0010945585951018502,7.645813715784983e-05,0.005416455400761362,0.0008287426258138769
ai_node_383,0.0011428479448857554,0.0006961714593846328,0.0017625612671125384,6.840991219386564e-05,0.006028120498024161,0.0013218251764573325
ai_node_384,0.0016941513549186727,0.0013118606691294235,0.0021850930777217083,0.0005311828476229568,0.0064466281961513385,0.0018218283957473179
ai_node_385,0.0012957642192014552,0.001078462145173882,0.0015533074180489493,0.0006398338846367433,0.004217269881127718,0.0013641628638803712
ai_node_386,0.004209221656163733,0.0033440374725354324,0.0052232980016257416,0.0013842946938052813,0.012671930205793113,0.004399151717088796
ai_node_387,0.0007243402467585774,0.000543255185068933,0.0009778593331240795,0.00016498861176167596,0.0031106389485798906,0.0007985344182340584
ai_node_388,0.0018390194042703881,0.0014124634811792259,0.0023873047299418112,0.000708243796830609,0.0067403884073367615,0.0019867574506442606
ai_node_389,0.0003299772235233519,0.00021730207402757322,0.0004788693853570595,4.024112481992097e-05,0.0018430435167523802,0.0003740130864137914
ai_node_390,0.0008893288585202534,0.000583496309888854,0.0013883188062872734,0.00017303683672566017,0.006836967106904572,0.001093772283522869
ai_node_391,0.0006961714593846328,0.0004507005979831148,0.0010181004579440005,2.414467489195258e-05,0.0036015806713829263,0.00078348826166389
ai_node_392,2.414467489195258e-05,4.024112481992097e-06,6.438579971187355e-05,0.0,0.0005472792975509251,4.718674296383932e-05
ai_node_393,0.0008853047460382613,0.0005593516349969014,0.0013038124441654394,5.231346226589726e-05,0.004547247104651069,0.0010071548719929818
ai_node_394,0.00041045947316319386,0.00022132618650956532,0.0006720267844926802,8.048224963984193e-06,0.003283675785305551,0.0004960322250927557
ai_node_395,0.0010301727953899767,0.0006961714593846328,0.0015211145181930124,0.00018913328665362853,0.005718263836910769,0.0011972330202573822
ai_node_396,0.000543255185068933,0.00033400133600534405,0.0008410395087363482,4.828934978390516e-05,0.0032595311104135984,0.0006372166018784557
ai_node_397,0.0012796677692734867,0.0009486845176296368,0.0017102478048466412,0.00040241124819920965,0.004724308053858721,0.001400626151902198
ai_node_398,0.0018028023919324592,0.0013279571190573918,0.0023621540269293606,0.00039033891075323336,0.005609612799896983,0.0019160682811405945
ai_node_399,0.003042229036386025,0.0023661781394113527,0.003984877385292674,0.001376246468841297,0.012333904757305777,0.0033410556051862764
ai_node_400,0.0009456664332681427,0.0007203161342765853,0.0012354025319715736,0.0002535190863655021,0.0033842785973553532,0.0010101190332472173
ai_node_401,0.003585484221454958,0.0030140602490120803,0.004333969143105488,0.0015492833055669572,0.008325888725241648,0.003757193905884057
ai_node_402,0.0007243402467585774,0.0004828934978390516,0.0010221245704259926,8.853047460382612e-05,0.0033198927976434795,0.000804829739800887
ai_node_403,0.0020482732533339773,0.001581476205422894,0.002784685837538531,0.0009738352206420874,0.010378186091057617,0.0023210348407658693
ai_node_404,0.00149696984330106,0.0011659865916572101,0.001959742778730151,0.0006116650972627987,0.005975807035758263,0.0016286355844218558
ai_node_405,0.001042245132835953,0.0007404366966865458,0.0014285599311071944,0.00018913328665362853,0.00424141455601967,0.0011364399481694314
ai_node_406,0.001871212304126325,0.0013883188062872734,0.002498973851317092,0.0004828934978390516,0.008265527038011767,0.00203349268818762
ai_node_407,0.00010462692453179452,3.219289985593677e-05,0.00023842866455803173,0.0,0.0017303683672566016,0.00016991814955211626
ai_node_408,0.00019315739913562064,8.853047460382612e-05,0.00034607367345132034,0.0,0.0021971654151676846,0.0002456374596582724
ai_node_409,0.0029335779993722383,0.0023500816894833844,0.003700171427191733,0.0011307756074397791,0.008527094349341253,0.003123990148972644
ai_node_410,0.0017645733233535345,0.0012675954318275104,0.0024305639391232264,0.00041448358564518593,0.00836612985006157,0.0019720855365349173
ai_node_411,0.0035734118840089818,0.0028933368745523175,0.004403385083419852,0.0014446563810351627,0.011110574562780178,0.0037615230460921844
ai_node_412,0.006044216947952129,0.004768573291160635,0.00756130735366315,0.0023581299144473686,0.016325824339441936,0.006347464406725097
ai_node_413,0.00028571198622143884,0.00016096449927968388,0.00046277293542909114,0.0,0.0030502772613500095,0.00034411232102759734
ai_node_414,0.002470805063943147,0.0018953569790182774,0.00316697652332778,0.0007243402467585774,0.008543190799269221,0.0026096385542168673
ai_node_415,0.007593500253519086,0.006213229672195797,0.009207169358797918,0.0028490716372504043,0.018744315941119187,0.007842517967662232
ai_node_416,0.0025070220762810763,0.0017142719173286333,0.0035583214622015116,0.0005191105101769805,0.011601516285583214,0.0028121825981279828
ai_node_417,0.0005754480849248699,0.00034607367345132034,0.0008933529710022454,7.645813715784983e-05,0.0030341808114220407,0.0006619938672525774
ai_node_418,0.0009195097021351941,0.0005714239724428777,0.00149696984330106,0.0001287715994237471,0.006096530410218026,0.0011514313768098447
ai_node_419,0.0014808733933730917,0.0009818834456060716,0.002124731390491827,8.048224963984194e-05,0.008382226299989538,0.0016602216481155082
ai_node_420,0.0028812645371063413,0.0023621540269293606,0.003581460108972966,0.0014285599311071944,0.009891268480736574,0.003107907381027115
ai_node_421,0.0026518901256327916,0.002032176803406009,0.003456712622031211,0.0007203161342765853,0.009392278532969554,0.002855799953320295
ai_node_422,0.0020724179282259297,0.0017867059420044909,0.002486901513871116,0.0012273543070075894,0.005778625524140651,0.0022029480648043075
ai_node_423,0.003919485557460302,0.0030341808114220407,0.005014044152562153,0.0015050180682650441,0.012981786866906504,0.0041916507714223625
ai_node_424,0.00032192899855936776,0.00021730207402757322,0.0004828934978390516,6.036168722988145e-05,0.002156924290347764,0.0003812049802416077
ai_node_425,0.0024748291764251393,0.0018551158541983566,0.003291724010269535,0.0005472792975509251,0.008382226299989538,0.0026612220424785315
ai_node_426,0.007611608759688051,0.0063420012716195445,0.00915485589653202,0.0028209028498764597,0.01826544655576213,0.007870401847872452
ai_node_427,0.001621717330242815,0.0011026068200658346,0.002241430652469598,0.0002253502989915574,0.0074848492165053,0.0017730255692107104
ai_node_428,0.0012152819695616132,0.0008651841836283008,0.0016257414427248071,0.00016096449927968388,0.0048168626409445395,0.001307290082172377
ai_node_429,0.0009698111081600952,0.0005794721974068619,0.0015301687712774947,5.633757474788935e-05,0.006016048160578185,0.00115067484366323
ai_node_430,0.00018913328665362853,0.00010060281204980241,0.00032192899855936776,0.0,0.0015130662932290283,0.00023546369848129994
ai_node_431,0.0021891171902037004,0.0017786577170405067,0.0027363964877546256,0.0008692082961102929,0.007786657652654707,0.0023326283088264885
ai_node_432,0.0003098566611133914,0.00017706094920765225,0.0005231346226589725,1.6096449927968387e-05,0.0033963509348013295,0.0004053947251933586
ai_node_433,0.0012836918817554787,0.0008168948338443956,0.0018923388946567835,2.0120562409960485e-05,0.00650698988338122,0.0014468680332552655
ai_node_434,0.005746432624284714,0.004768573291160635,0.006933545806472383,0.002865168087178373,0.01702601991130856,0.006038095468044523
ai_node_435,0.0012394266444535657,0.0008973770834842375,0.0016579343425807437,0.0002575431988474942,0.005018068265044144,0.001334706360512189
ai_node_436,0.004519078317277125,0.00374242460825265,0.00549391956603971,0.00199595979106808,0.013855019275498788,0.004711634514007936
ai_node_437,0.0009094494209302139,0.0006197133222267828,0.0012997883316834473,0.00018108506168964435,0.0053842625009054255,0.0010301237012176965
ai_node_438,0.0015734279804589099,0.0010744380326918898,0.0021971654151676846,8.853047460382612e-05,0.006156892097447908,0.0017190863655020883
ai_node_439,0.0018792605290903091,0.0014728251684091073,0.002466780951461155,0.000623737434708775,0.008458684437147387,0.0020648260376174036
ai_node_440,0.00040241124819920965,0.00026156731132948626,0.0006559303345647118,6.036168722988145e-05,0.003239410548003638,0.0005110341164256222
ai_node_441,0.0003943630232352255,0.0002454708614015179,0.0006076409847808066,4.024112481992097e-05,0.003505001971815116,0.0004682521669845715
ai_node_442,5.633757474788935e-05,1.6096449927968387e-05,0.00013681982438773128,0.0,0.0011710167322597001,0.0001002028152690924
ai_node_443,0.006917449356544414,0.005601564574932999,0.008490877337003324,0.002044249140851985,0.01777852894544108,0.007168504881248441
ai_node_444,0.002470805063943147,0.0018058204762939534,0.0033480615850174245,0.0005070381727310042,0.009637749394371072,0.0027064949175459353
ai_node_445,0.00022132618650956532,0.00010060281204980241,0.0003863147982712413,4.024112481992097e-06,0.002539214976137013,0.00028493694215740717
ai_node_446,0.0004708211603930753,0.00028168787373944676,0.0007605572590965062,2.414467489195258e-05,0.002631769563222831,0.0005709121053351682
ai_node_447,0.000539231072586941,0.0003822906857892492,0.0008048224963984193,0.00019718151161761274,0.003331965135089456,0.000653484478998157
ai_node_448,0.0016740307925087123,0.0012716195443095025,0.0021941473308061906,0.00047484527287506743,0.006100554522700019,0.0017981014237309963
ai_node_449,0.0014325840435891865,0.0009295699833401744,0.0021971654151676846,0.00020522973658159693,0.010108570554764147,0.0016971251740428648
ai_node_450,0.001082486257655874,0.0007001955718666248,0.0016579343425807437,8.853047460382612e-05,0.006378218283957474,0.0012861079588896668
ai_node_451,0.0005352069601049489,0.00031790488607737563,0.0008571359586643166,8.048224963984193e-06,0.00404825715688405,0.0006438676549886923
ai_node_452,0.0005513034100329173,0.00032192899855936776,0.0008933529710022454,9.255458708581823e-05,0.0041247152940418995,0.0006765523013899284
ai_node_453,0.0003541218984153045,0.00018108506168964435,0.0007364125842045536,0.0,0.0055653475625950695,0.0005785530901159749
ai_node_454,0.0006076409847808066,0.00039838713571721757,0.000914479561532704,8.450636212183403e-05,0.003448664397067227,0.0007200835405751262
ai_node_455,0.0015895244303868782,0.0011378178042832652,0.0021850930777217083,0.00014889216183370756,0.008164924225961965,0.0017344930825506438
ai_node_456,0.0008168948338443956,0.0005553275225149094,0.0011710167322597001,0.00014084393686972338,0.004764549178678642,0.0009277873015106519
ai_node_457,0.0004265559230911622,0.00020522973658159693,0.0007525090341325221,0.0,0.004921489565476334,0.0005458515424423143
ai_node_458,0.0006720267844926802,0.0003822906857892492,0.0011146791575118108,4.024112481992097e-05,0.0052715873514096465,0.000838057641387192
ai_node_459,0.00191950165391023,0.0013199088940934077,0.0028128546249124755,0.00046277293542909114,0.010044184755052274,0.002216970487159057
ai_node_460,0.0045231024297591165,0.003239410548003638,0.006077415875928563,0.0005311828476229568,0.016132666940306316,0.004792682553862745
ai_node_461,0.004422499617709314,0.0031458499327973216,0.005940596051540833,0.00039838713571721757,0.015271506869160007,0.004717212738730473
ai_node_462,0.0004869176103210437,0.0002293744114735495,0.0008853047460382613,0.0,0.0038470515327844444,0.0006194485356254678
ai_node_463,0.005581444012523038,0.004269583343393614,0.00714380568365647,0.0013118606691294235,0.01836202525532994,0.005831736565500479
ai_node_464,0.0013641741313953207,0.0009859075580880637,0.0019074293164642539,0.00042253181060917014,0.006177012659857868,0.001520521364013167
ai_node_465,0.0026840830254887286,0.001830971179306404,0.0037223040458426895,0.00030180843614940726,0.010567319377711246,0.002901795558989465
ai_node_466,0.0018329832355474,0.0012957642192014552,0.002531166751173029,0.000374242460825265,0.007742392415352794,0.0020123178083073776
ai_node_467,0.0020522973658159693,0.0014003911437332497,0.0029697950117101675,0.0004869176103210437,0.009513001907429316,0.002322846496205262
ai_node_468,0.003158928298363796,0.0022213100900596375,0.004366162042961425,0.00043058003557315435,0.014639721209487248,0.0034696525581283046
ai_node_469,0.00033400133600534405,0.00015694038679769177,0.0006317856596727592,8.048224963984193e-06,0.0037987621830005394,0.00045353679246042285
ai_node_470,0.00044265237301913064,0.00024044072079902777,0.0008088466088804115,6.036168722988145e-05,0.004696139266484777,0.0006044136465702489
ai_node_471,0.0013038124441654394,0.0008168948338443956,0.0019315739913562063,6.036168722988145e-05,0.007114630868162027,0.0014581138179974406
ai_node_472,0.0011549202823317318,0.0007162920217945932,0.0018108506168964436,0.00014084393686972338,0.007424487529275418,0.0013816098059572961
ai_node_473,0.0014044152562152417,0.0008853047460382613,0.002040225028369993,0.00017706094920765225,0.00683294299442258,0.0015622184127290727
ai_node_474,0.0024386121640872106,0.0016861031299546885,0.0034013810754038197,0.00017303683672566017,0.011223249712275958,0.002661764492841104
ai_node_475,0.002818890793635464,0.001955718666248159,0.003927533782424286,0.0002454708614015179,0.01170614321011501,0.0031027259337953017
ai_node_476,0.000503014060249012,0.0002414467489195258,0.0008893288585202534,2.8168787373944675e-05,0.003883268545122373,0.0006288842745732428
ai_node_477,0.003309832516438499,0.002454708614015179,0.004446644292601267,0.0006639785595286959,0.012024048096192385,0.0035793627415473517
ai_node_478,0.002205213640131669,0.001455722690360641,0.00316697652332778,0.0002414467489195258,0.00971420753152892,0.0024342419779317674
ai_node_479,0.00017303683672566017,6.036168722988145e-05,0.00045573073858560495,1.207233744597629e-05,0.002873216312142357,0.0003313695664421212
ai_node_480,0.0019355981038381984,0.0013199088940934077,0.002752492937682594,0.00017303683672566017,0.009464712557645411,0.0021694481332142196
ai_node_481,0.0018531037979573606,0.0012273543070075894,0.0027162759253446652,0.0001166992619777708,0.009504953682465333,0.0020999122743478927
ai_node_482,0.000374242460825265,0.00018913328665362853,0.0006800750094566643,4.024112481992097e-06,0.003203193535665709,0.000494826600993151
ai_node_483,0.0007444608091685379,0.00040241124819920965,0.0012273543070075894,1.6096449927968387e-05,0.0048651519907284444,0.0008933964314170509
ai_node_484,0.0002655914238114784,0.0001126751494957787,0.0005754480849248699,3.219289985593677e-05,0.0029577226742641912,0.0004129842013343957
ai_node_485,0.0001207233744597629,5.633757474788935e-05,0.00028168787373944676,2.414467489195258e-05,0.0022977682272174874,0.00021817691608115827
ai_node_486,0.0005231346226589725,0.00029376021118542305,0.0008651841836283008,1.6096449927968387e-05,0.005464744750545267,0.0006428503593532447
ai_node_487,0.0014929457308190679,0.0011307756074397791,0.001871212304126325,0.0004386282605371385,0.004728332166340714,0.0015509323868620776
ai_node_488,0.0002132779615455811,8.853047460382612e-05,0.0005553275225149094,2.0120562409960485e-05,0.0036015806713829263,0.000401941231861313
ai_node_489,0.001126751494957787,0.0006116650972627987,0.0017987782794504671,0.0,0.005609612799896983,0.001304341212545573
ai_node_490,5.231346226589726e-05,8.048224963984193e-06,0.00016096449927968388,0.0,0.0022092377526136612,0.00013084723664195862
ai_node_491,0.000583496309888854,0.0002454708614015179,0.001122727382475795,0.0,0.005187080989287812,0.0007698843470072676
ai_node_492,0.0004406403167781346,0.00020120562409960482,0.0008410395087363482,4.024112481992097e-05,0.004112642956595923,0.0005938970310098107
ai_node_493,0.001046269245317945,0.0006116650972627987,0.0016619584550627358,3.219289985593677e-05,0.00541243128827937,0.0012206766947549718
ai_node_494,0.000543255185068933,0.0002776637612574547,0.0009698111081600952,2.414467489195258e-05,0.005368166050977457,0.0007098349309059888
ai_node_495,0.001082486257655874,0.0006639785595286959,0.0016337896676887913,0.0001207233744597629,0.0048369832033545,0.0012192899855936773
ai_node_496,0.0005311828476229568,0.00023742263643753371,0.0009899316705700557,1.207233744597629e-05,0.0033078204601975033,0.0006808766126630772
ai_node_497,0.00017303683672566017,4.426523730191306e-05,0.0004708211603930753,0.0,0.002543239088619005,0.0003180851663165689
ai_node_498,0.00010865103701378661,3.219289985593677e-05,0.00034607367345132034,0.0,0.0016539102300987517,0.00024418395022977684
ai_node_499,0.0,0.0,0.0,0.0,0.0,0.0
